image_name,pod_count,seed_count,split_count
67361899.JPG,0,162,0
67361937.JPG,0,127,0
67362009.JPG,0,182,0
67361463.JPG,0,156,0
67361775.JPG,0,119,0
67361669.JPG,0,139,0
67361407.JPG,0,80,0
67361355.JPG,0,145,0
67361599.JPG,0,113,0
67363431.JPG,0,23,0
67361791.JPG,0,139,0
67361581.JPG,0,173,0
67361735.JPG,0,148,0
67361601.JPG,0,87,0
67361481.JPG,0,144,0
67361589.JPG,0,162,0
67361445.JPG,0,57,0
67361871.JPG,0,132,0
67362179.JPG,0,206,0
67361353.JPG,0,250,0
67361877.JPG,0,163,0
67362163.JPG,0,142,0
67361479.JPG,0,218,0
67361591.JPG,0,185,0
67361721.JPG,0,123,0
67361561.JPG,0,145,0
67362753.JPG,0,157,0
67363647.JPG,0,43,0
67362047.JPG,0,152,0
67361879.JPG,0,190,0
67363541.JPG,0,81,0
67361391.JPG,0,191,0
67361477.JPG,0,151,0
67361347.JPG,0,54,0
67362129.JPG,0,137,0
67361273.JPG,0,244,0
67362265.JPG,0,146,0
67361593.JPG,0,120,0
67362017.JPG,0,10,0
67361417.JPG,0,177,0
67362183.JPG,0,198,0
67361413.JPG,0,151,0
67361583.JPG,0,15,0
67361671.JPG,0,3,0
67362041.JPG,0,92,0
67361917.JPG,0,141,0
67361471.JPG,0,204,0
66374180.JPG,0,170,0
67361271.JPG,0,152,0
67361981.JPG,0,151,0
67361299.JPG,0,188,0
67361345.JPG,0,224,0
67361865.JPG,0,217,0
67362069.JPG,0,122,0
67361469.JPG,0,171,0
67361243.JPG,0,190,0
67362051.JPG,0,191,0
67362031.JPG,0,83,0
67361559.JPG,0,174,0
67361411.JPG,0,126,0
67362063.JPG,0,166,0
67363463.JPG,0,146,0
67362365.JPG,0,133,0
67361475.JPG,0,104,0
67361965.JPG,0,179,0
67361983.JPG,0,149,0
67361701.JPG,0,151,0
67362061.JPG,0,143,0
67361587.JPG,0,157,0
67362185.JPG,0,141,0
66374378.JPG,0,125,0
67361485.JPG,0,141,0
67361833.JPG,0,108,0
67361449.JPG,0,136,0
67361863.JPG,0,177,0
67361963.JPG,0,157,0
67362201.JPG,0,103,0
67362029.JPG,0,104,0
67361811.JPG,0,54,0
67361843.JPG,0,66,0
67362247.JPG,0,89,0
67361759.JPG,0,84,0
67363385.JPG,0,71,0
67362235.JPG,0,169,0
67361427.JPG,0,91,0
67361281.JPG,0,151,0
67361873.JPG,0,95,0
67361747.JPG,0,15,0
67362083.JPG,0,112,0
67361441.JPG,0,87,0
67361435.JPG,0,54,0
67361783.JPG,0,183,0
67362155.JPG,0,127,0
67361719.JPG,0,125,0
67361939.JPG,0,76,0
67361327.JPG,0,78,0
67361305.JPG,0,120,0
67361779.JPG,0,82,0
67361563.JPG,0,87,0
67363163.JPG,0,65,0
67363337.JPG,0,65,0
67362089.JPG,0,132,0
67362127.JPG,0,147,0
67361749.JPG,0,96,0
67361503.JPG,0,89,0
67361291.JPG,0,100,0
67361929.JPG,0,146,0
67361921.JPG,0,115,0
67361433.JPG,0,96,0
67361943.JPG,0,87,0
67362519.JPG,0,136,0
67363349.JPG,0,54,0
67361573.JPG,0,102,0
67361805.JPG,0,92,0
67361933.JPG,0,67,0
67361765.JPG,0,71,0
67361793.JPG,0,86,0
67361905.JPG,0,43,0
67361509.JPG,0,130,0
67362523.JPG,0,126,0
67361309.JPG,0,148,0
67361947.JPG,0,126,0
67361763.JPG,0,86,0
67361579.JPG,0,94,0
67361473.JPG,0,141,0
67361409.JPG,0,81,0
67361627.JPG,0,88,0
67361801.JPG,0,125,0
67362137.JPG,0,96,0
67361957.JPG,0,36,0
67361751.JPG,0,49,0
67362107.JPG,0,104,0
67361457.JPG,0,85,0
67361675.JPG,0,97,0
67361567.JPG,0,87,0
67361867.JPG,0,67,0
66374172.JPG,0,111,0
67361725.JPG,0,105,0
67361321.JPG,0,68,0
67362439.JPG,0,117,0
67361319.JPG,0,48,0
67361897.JPG,0,128,0
67361493.JPG,0,107,0
67362273.JPG,0,133,0
67361459.JPG,0,106,0
67361953.JPG,0,59,0
67362153.JPG,0,84,0
67361955.JPG,0,98,0
67362491.JPG,0,97,0
67361767.JPG,0,106,0
67363309.JPG,0,47,0
67361813.JPG,0,146,0
67362055.JPG,0,132,0
67361869.JPG,0,83,0
67361495.JPG,0,96,0
67362217.JPG,0,90,0
67361301.JPG,0,98,0
67361875.JPG,0,143,0
67362521.JPG,0,106,0
67361985.JPG,0,57,0
67361739.JPG,0,17,0
67362103.JPG,0,104,0
67362039.JPG,0,149,0
67361927.JPG,0,89,0
67361331.JPG,0,86,0
67361743.JPG,0,90,0
67361665.JPG,0,102,0
67362085.JPG,0,88,0
67361737.JPG,0,104,0
67361625.JPG,0,92,0
67362095.JPG,0,86,0
67361283.JPG,0,148,0
67362021.JPG,0,93,0
67361483.JPG,0,97,0
67361999.JPG,0,69,0
67361901.JPG,0,108,0
67362117.JPG,0,152,0
67362003.JPG,0,133,0
67361275.JPG,0,165,0
67361885.JPG,0,137,0
67362637.JPG,0,91,0
67361237.JPG,0,87,0
67361693.JPG,0,92,0
67361297.JPG,0,133,0
67361375.JPG,0,99,0
67361369.JPG,0,98,0
67361465.JPG,0,80,0
67361787.JPG,0,81,0
67361959.JPG,0,176,0
67362237.JPG,0,61,0
67361849.JPG,0,59,0
67361837.JPG,0,158,0
67361941.JPG,0,110,0
67361989.JPG,0,46,0
67362505.JPG,0,121,0
67362211.JPG,0,153,0
67361571.JPG,0,106,0
67362231.JPG,0,67,0
67361341.JPG,0,88,0
67361969.JPG,0,79,0
67361757.JPG,0,67,0
67362119.JPG,0,117,0
67361745.JPG,0,40,0
67361295.JPG,0,95,0
67361861.JPG,0,124,0
67361823.JPG,0,70,0
67361455.JPG,0,89,0
67362253.JPG,0,106,0
67361817.JPG,0,106,0
67361677.JPG,0,100,0
67361419.JPG,0,93,0
67361815.JPG,0,94,0
67361543.JPG,0,103,0
67361235.JPG,0,52,0
67361935.JPG,0,147,0
67361491.JPG,0,87,0
67362161.JPG,0,106,0
67363475.JPG,0,135,0
67362199.JPG,0,83,0
67363623.JPG,0,98,0
67361931.JPG,0,87,0
67361357.JPG,0,153,0
67361755.JPG,0,86,0
67361841.JPG,0,98,0
67361259.JPG,0,71,0
67361451.JPG,0,64,0
67362245.JPG,0,45,0
67361487.JPG,0,97,0
67362109.JPG,0,105,0
67361255.JPG,0,97,0
67362115.JPG,0,124,0
67361629.JPG,0,128,0
67361621.JPG,0,95,0
67361637.JPG,0,99,0
67361339.JPG,0,72,0
67361785.JPG,0,107,0
67362279.JPG,0,104,0
67362351.JPG,0,173,0
67361777.JPG,0,102,0
67361553.JPG,0,155,0
67362143.JPG,0,164,0
67363323.JPG,0,114,0
67361263.JPG,0,82,0
67361687.JPG,0,130,0
67363409.JPG,0,146,0
67361557.JPG,0,133,0
67361389.JPG,0,120,0
67363435.JPG,0,70,0
67362145.JPG,0,117,0
67362477.JPG,0,83,0
67361761.JPG,0,50,0
67362759.JPG,0,37,0
67363583.JPG,0,139,0
67361945.JPG,0,96,0
67363321.JPG,0,82,0
67362123.JPG,0,98,0
67361311.JPG,0,59,0
67361649.JPG,0,147,0
67362755.JPG,0,103,0
67361699.JPG,0,112,0
67361853.JPG,0,125,0
67361395.JPG,0,43,0
67362255.JPG,0,67,0
67361831.JPG,0,54,0
67363659.JPG,0,104,0
67361857.JPG,0,99,0
67361425.JPG,0,76,0
67362165.JPG,0,103,0
67361539.JPG,0,122,0
67361647.JPG,0,144,0
67363573.JPG,0,123,0
67361317.JPG,0,106,0
67363649.JPG,0,136,0
67362075.JPG,0,159,0
67361923.JPG,0,170,0
67362077.JPG,0,124,0
67362057.JPG,0,153,0
67361949.JPG,0,109,0
67361993.JPG,0,13,0
67361795.JPG,0,144,0
67361397.JPG,0,99,0
67362261.JPG,0,70,0
67363551.JPG,0,76,0
67361641.JPG,0,132,0
67362093.JPG,0,166,0
67361333.JPG,0,67,0
67362657.JPG,0,106,0
67362483.JPG,0,56,0
67361323.JPG,0,123,0
67361303.JPG,0,62,0
67361859.JPG,0,79,0
67362071.JPG,0,137,0
67361919.JPG,0,122,0
67361825.JPG,0,105,0
67361415.JPG,0,112,0
67362299.JPG,0,48,0
67362613.JPG,0,110,0
67362111.JPG,0,102,0
67362139.JPG,0,97,0
67361881.JPG,0,106,0
67362241.JPG,0,67,0
67361839.JPG,0,80,0
67361847.JPG,0,80,0
67362227.JPG,0,79,0
67361635.JPG,0,31,0
67361691.JPG,0,79,0
67361697.JPG,0,91,0
67361913.JPG,0,102,0
67362067.JPG,0,166,0
67361909.JPG,0,113,0
67361453.JPG,0,56,0
67361247.JPG,0,111,0
67361269.JPG,0,30,0
67361617.JPG,0,90,0
67361911.JPG,0,93,0
67361277.JPG,0,131,0
67361855.JPG,0,89,0
67361914.JPG,0,69,0
67361231.JPG,0,61,0
67362151.JPG,0,119,0
67363101.JPG,0,95,0
67361893.JPG,0,108,0
67363667.JPG,0,87,0
67361851.JPG,0,51,0
67362175.JPG,0,104,0
67362091.JPG,0,94,0
67361379.JPG,0,102,0
67363713.JPG,0,89,0
67362877.JPG,0,99,0
67362257.JPG,0,100,0
67361633.JPG,0,41,0
67362221.JPG,0,93,0
67363643.JPG,0,95,0
67362297.JPG,0,163,0
67362213.JPG,0,76,0
67361643.JPG,0,100,0
67362239.JPG,0,67,0
67361803.JPG,0,68,0
67362207.JPG,0,28,0
67362197.JPG,0,12,0
67361315.JPG,0,129,0
67361679.JPG,0,71,0
67362177.JPG,0,92,0
67361645.JPG,0,57,0
67361285.JPG,0,84,0
67361673.JPG,0,55,0
67362233.JPG,0,68,0
67362355.JPG,0,82,0
67361609.JPG,0,4,0
67361267.JPG,0,147,0
67362243.JPG,0,31,0
67362187.JPG,0,37,0
67361619.JPG,0,62,0
67361223.JPG,0,127,0
67361307.JPG,0,155,0
67361845.JPG,0,86,0
67362167.JPG,0,146,0
67361797.JPG,0,124,0
67363617.JPG,0,91,0
69361915.JPG,0,70,0
67361689.JPG,0,17,0
67361429.JPG,0,76,0
67361245.JPG,0,144,0
67362195.JPG,0,184,0
67361889.JPG,0,75,0
67361257.JPG,0,153,0
67361313.JPG,0,161,0
67362263.JPG,0,13,0
67362249.JPG,0,52,0
67362295.JPG,0,49,0
67361615.JPG,0,21,0
67361631.JPG,0,171,0
67362287.JPG,0,132,0
67361227.JPG,0,217,0
67361343.JPG,0,192,0
67362283.JPG,0,135,0
67362013.JPG,0,183,0
67361349.JPG,0,184,0
67361515.JPG,0,132,0
67362081.JPG,0,80,0
67361695.JPG,0,169,0
67362011.JPG,0,189,0
67361723.JPG,0,161,0
67361225.JPG,0,191,0
67361835.JPG,0,139,0
67361703.JPG,0,238,0
67361705.JPG,0,177,0
67361393.JPG,0,160,0
67361967.JPG,0,123,0
67361903.JPG,0,33,0
67361663.JPG,0,147,0
67361363.JPG,0,208,0
67361367.JPG,0,26,0
67361605.JPG,0,142,0
67361997.JPG,0,174,0
67361405.JPG,0,192,0
67361421.JPG,0,117,0
67361531.JPG,0,189,0
67362571.JPG,0,119,0
67361709.JPG,0,167,0
67361549.JPG,0,103,0
67361661.JPG,0,157,0
67361535.JPG,0,172,0
67362035.JPG,0,191,0
67361807.JPG,0,109,0
67361533.JPG,0,218,0
67362229.JPG,0,129,0
67361329.JPG,0,137,0
67362251.JPG,0,164,0
67361439.JPG,0,183,0
67362291.JPG,0,151,0
67361359.JPG,0,103,0
67362025.JPG,0,156,0
67362651.JPG,0,105,0
67362169.JPG,0,164,0
67362099.JPG,0,136,0
67361951.JPG,0,159,0
67361377.JPG,0,172,0
67361373.JPG,0,139,0
67361431.JPG,0,157,0
67361287.JPG,0,161,0
67361729.JPG,0,118,0
67362101.JPG,0,131,0
67361657.JPG,0,160,0
67361489.JPG,0,117,0
67361717.JPG,0,158,0
67361659.JPG,0,153,0
67361667.JPG,0,170,0
67362079.JPG,0,133,0
67361907.JPG,0,148,0
67361707.JPG,0,150,0
67362065.JPG,0,176,0
67361971.JPG,0,78,0
67361507.JPG,0,136,0
67362135.JPG,0,149,0
67361529.JPG,0,165,0
67361727.JPG,0,169,0
67362043.JPG,0,179,0
67362375.JPG,0,186,0
67362027.JPG,0,171,0
67361383.JPG,0,102,0
67362357.JPG,0,154,0
67362005.JPG,0,146,0
67361821.JPG,0,207,0
67361995.JPG,0,173,0
67362033.JPG,0,115,0
67361527.JPG,0,166,0
67361987.JPG,0,166,0
67361639.JPG,0,131,0
67362381.JPG,0,151,0
67361447.JPG,0,164,0
67361293.JPG,0,192,0
67361241.JPG,0,132,0
67361337.JPG,0,119,0
67361401.JPG,0,180,0
67362267.JPG,0,74,0
67361385.JPG,0,159,0
67361523.JPG,0,143,0
67361513.JPG,0,188,0
67361713.JPG,0,204,0
67361547.JPG,0,148,0
67361887.JPG,0,149,0
67361229.JPG,0,153,0
67362097.JPG,0,208,0
67361499.JPG,0,125,0
67361423.JPG,0,158,0
67361979.JPG,0,178,0
67362059.JPG,0,152,0
67361991.JPG,0,185,0
67361365.JPG,0,186,0
67361925.JPG,0,127,0
67361289.JPG,0,102,0
66374173.JPG,0,117,0
67362215.JPG,0,123,0
67362383.JPG,0,171,0
67361685.JPG,0,19,0
67361387.JPG,0,130,0
67361711.JPG,0,122,0
67361653.JPG,0,167,0
67361505.JPG,0,141,0
67362269.JPG,0,177,0
67361681.JPG,0,160,0
67361279.JPG,0,110,0
67361497.JPG,0,133,0
67362663.JPG,0,132,0
67361361.JPG,0,199,0
67361261.JPG,0,197,0
67361399.JPG,0,215,0
67362643.JPG,0,118,0
67361461.JPG,0,160,0
67362007.JPG,0,210,0
67361551.JPG,0,199,0
67361325.JPG,0,53,0
67361715.JPG,0,150,0
67362285.JPG,0,132,0
67362087.JPG,0,216,0
